<environmentvariabledefinition schemaname="reliance_WorkorderAppLink">
  <defaultvalue>https://apps.powerapps.com/play/e/85043e12-a4e9-e96b-a3a5-2d244f866c49/a/74e23c37-fbc8-4111-bab3-02a98aebe15f?tenantId=c9bfec4a-5ccc-4996-bf58-9401877a9892&amp;hint=5892fff7-36e6-4c84-b8d9-483b740ac051&amp;sourcetime=1698395359213</defaultvalue>
  <displayname default="WorkorderAppLink">
    <label description="WorkorderAppLink" languagecode="1033" />
  </displayname>
  <introducedversion>1.0.0.1</introducedversion>
  <iscustomizable>1</iscustomizable>
  <isrequired>0</isrequired>
  <secretstore>0</secretstore>
  <type>100000000</type>
</environmentvariabledefinition>