{
  "properties": {
    "connectionReferences": {
      "shared_commondataserviceforapps_1": {
        "runtimeSource": "embedded",
        "connection": {
          "connectionReferenceLogicalName": "new_sharedcommondataserviceforapps_eb7f6"
        },
        "api": {
          "name": "shared_commondataserviceforapps"
        }
      },
      "shared_office365": {
        "runtimeSource": "embedded",
        "connection": {
          "connectionReferenceLogicalName": "reliance_sharedoffice365_f9bc6"
        },
        "api": {
          "name": "shared_office365"
        }
      }
    },
    "definition": {
      "$schema": "https://schema.management.azure.com/providers/Microsoft.Logic/schemas/2016-06-01/workflowdefinition.json#",
      "contentVersion": "1.0.0.0",
      "parameters": {
        "$connections": {
          "defaultValue": {},
          "type": "Object"
        },
        "$authentication": {
          "defaultValue": {},
          "type": "SecureObject"
        },
        "WorkorderAppLink (reliance_WorkorderAppLink)": {
          "defaultValue": "https://apps.powerapps.com/play/e/85043e12-a4e9-e96b-a3a5-2d244f866c49/a/74e23c37-fbc8-4111-bab3-02a98aebe15f?tenantId=c9bfec4a-5ccc-4996-bf58-9401877a9892&hint=5892fff7-36e6-4c84-b8d9-483b740ac051&sourcetime=1698395359213",
          "type": "String",
          "metadata": {
            "schemaName": "reliance_WorkorderAppLink"
          }
        }
      },
      "triggers": {
        "Recurrence": {
          "recurrence": {
            "frequency": "Day",
            "interval": 1,
            "startTime": "2023-10-30T09:00:00Z"
          },
          "metadata": {
            "operationMetadataId": "32c5776c-1e4b-4b79-ae15-901963e8781c"
          },
          "type": "Recurrence"
        }
      },
      "actions": {
        "current_time": {
          "runAfter": {},
          "metadata": {
            "operationMetadataId": "438f5f8a-eac6-46a9-8414-fc476920eee5"
          },
          "type": "Compose",
          "inputs": "@formatDateTime(utcNow(),'yyyy-MM-dd')"
        },
        "List_rows": {
          "runAfter": {
            "current_time": [
              "Succeeded"
            ]
          },
          "metadata": {
            "operationMetadataId": "28e177d4-f497-46e7-859b-db6db3a6323a"
          },
          "type": "OpenApiConnection",
          "inputs": {
            "host": {
              "connectionName": "shared_commondataserviceforapps_1",
              "operationId": "ListRecords",
              "apiId": "/providers/Microsoft.PowerApps/apis/shared_commondataserviceforapps"
            },
            "parameters": {
              "entityName": "reliance_maintenanceworkorders",
              "$filter": "reliance_approvalstatus eq 'Facility Manager Approves' and reliance_expecteddeliveryandduedate le '@{formatDateTime(utcNow(),'yyyy-MM-dd')}'"
            },
            "authentication": "@parameters('$authentication')"
          }
        },
        "Apply_to_each": {
          "foreach": "@outputs('List_rows')?['body/value']",
          "actions": {
            "Condition": {
              "actions": {
                "Send_an_email_(V2)": {
                  "runAfter": {},
                  "metadata": {
                    "operationMetadataId": "87de1cc9-0d35-437f-adb5-c01a0faef3a3"
                  },
                  "type": "OpenApiConnection",
                  "inputs": {
                    "host": {
                      "connectionName": "shared_office365",
                      "operationId": "SendEmailV2",
                      "apiId": "/providers/Microsoft.PowerApps/apis/shared_office365"
                    },
                    "parameters": {
                      "emailMessage/To": "NRLWorkflow@nnpcgroup.com",
                      "emailMessage/Subject": "WORK ORDER CLOSE OUT NOTIFICATION",
                      "emailMessage/Body": "<p>Dear @{items('Apply_to_each')?['reliance_initiatorname']},<br>\n<br>\nYour raised work order with Work Order Number: @{items('Apply_to_each')?['reliance_orderid']} is pending close out.<br>\n<br>\nKindly follow this <a href=\"@{parameters('WorkorderAppLink (reliance_WorkorderAppLink)')}&UPDTID=@{items('Apply_to_each')?['reliance_orderid']}\">link</a> to close request.<br>\nto close out the request.<br>\n<br>\n<b>\nRegards.</p>",
                      "emailMessage/Importance": "Normal"
                    },
                    "authentication": "@parameters('$authentication')"
                  }
                }
              },
              "runAfter": {},
              "expression": {
                "not": {
                  "equals": [
                    "@items('Apply_to_each')?['reliance_approvalstatus']",
                    "Request Closed"
                  ]
                }
              },
              "metadata": {
                "operationMetadataId": "936591bd-7bc5-40f9-92c9-a60eff7b149d"
              },
              "type": "If"
            }
          },
          "runAfter": {
            "List_rows": [
              "Succeeded"
            ]
          },
          "metadata": {
            "operationMetadataId": "16cdcd21-0c20-4c5c-962d-b3061bc83cf2"
          },
          "type": "Foreach"
        }
      }
    },
    "templateName": ""
  },
  "schemaVersion": "1.0.0.0"
}