{
  "properties": {
    "connectionReferences": {
      "shared_commondataserviceforapps_1": {
        "runtimeSource": "embedded",
        "connection": {
          "connectionReferenceLogicalName": "new_sharedcommondataserviceforapps_151e0"
        },
        "api": {
          "name": "shared_commondataserviceforapps"
        }
      },
      "shared_office365": {
        "runtimeSource": "embedded",
        "connection": {
          "connectionReferenceLogicalName": "new_sharedoffice365_73868"
        },
        "api": {
          "name": "shared_office365"
        }
      },
      "shared_commondataserviceforapps_2": {
        "runtimeSource": "embedded",
        "connection": {
          "connectionReferenceLogicalName": "new_sharedcommondataserviceforapps_c2029"
        },
        "api": {
          "name": "shared_commondataserviceforapps"
        }
      },
      "shared_sharepointonline": {
        "runtimeSource": "embedded",
        "connection": {
          "connectionReferenceLogicalName": "reliance_sharedsharepointonline_c1b8c"
        },
        "api": {
          "name": "shared_sharepointonline"
        }
      },
      "shared_adobepdftools": {
        "runtimeSource": "embedded",
        "connection": {
          "connectionReferenceLogicalName": "reliance_AdobeServices"
        },
        "api": {
          "name": "shared_adobepdftools"
        }
      }
    },
    "definition": {
      "$schema": "https://schema.management.azure.com/providers/Microsoft.Logic/schemas/2016-06-01/workflowdefinition.json#",
      "contentVersion": "1.0.0.0",
      "parameters": {
        "$connections": {
          "defaultValue": {},
          "type": "Object"
        },
        "$authentication": {
          "defaultValue": {},
          "type": "SecureObject"
        },
        "Work Order Library (reliance_WorkOrderLibrary)": {
          "defaultValue": "https://nnpcgroup.sharepoint.com/sites/NNPCRetailAutomation/",
          "type": "String",
          "metadata": {
            "schemaName": "reliance_WorkOrderLibrary"
          }
        },
        "WorkorderAppLink (reliance_WorkorderAppLink)": {
          "defaultValue": "https://apps.powerapps.com/play/e/85043e12-a4e9-e96b-a3a5-2d244f866c49/a/74e23c37-fbc8-4111-bab3-02a98aebe15f?tenantId=c9bfec4a-5ccc-4996-bf58-9401877a9892&hint=5892fff7-36e6-4c84-b8d9-483b740ac051&sourcetime=1698395359213",
          "type": "String",
          "metadata": {
            "schemaName": "reliance_WorkorderAppLink"
          }
        }
      },
      "triggers": {
        "When_a_row_is_added,_modified_or_deleted": {
          "metadata": {
            "operationMetadataId": "b05c2c9f-c857-49c8-a384-04db9f9734d5"
          },
          "type": "OpenApiConnectionWebhook",
          "inputs": {
            "host": {
              "connectionName": "shared_commondataserviceforapps_1",
              "operationId": "SubscribeWebhookTrigger",
              "apiId": "/providers/Microsoft.PowerApps/apis/shared_commondataserviceforapps"
            },
            "parameters": {
              "subscriptionRequest/message": 4,
              "subscriptionRequest/entityname": "reliance_maintenanceworkorder",
              "subscriptionRequest/scope": 4
            },
            "authentication": "@parameters('$authentication')"
          },
          "conditions": [
            {
              "expression": "@equals(triggerOutputs()?['body/reliance_triggercondition'],'Running')"
            }
          ]
        }
      },
      "actions": {
        "Update_a_row": {
          "runAfter": {},
          "metadata": {
            "operationMetadataId": "52dbe465-eba2-4694-93ed-554e9e19577b"
          },
          "type": "OpenApiConnection",
          "inputs": {
            "host": {
              "connectionName": "shared_commondataserviceforapps_1",
              "operationId": "UpdateRecord",
              "apiId": "/providers/Microsoft.PowerApps/apis/shared_commondataserviceforapps"
            },
            "parameters": {
              "entityName": "reliance_maintenanceworkorders",
              "recordId": "@triggerOutputs()?['body/reliance_maintenanceworkorderid']",
              "item/reliance_triggercondition": "@null"
            },
            "authentication": "@parameters('$authentication')"
          }
        },
        "Switch": {
          "runAfter": {
            "Initialize_variable": [
              "Succeeded"
            ]
          },
          "cases": {
            "Case": {
              "case": "Awaiting Facility Manager",
              "actions": {
                "Send_an_email_(V2)": {
                  "runAfter": {},
                  "metadata": {
                    "operationMetadataId": "8671c758-2eac-4439-a661-c4ba12073cbe"
                  },
                  "type": "OpenApiConnection",
                  "inputs": {
                    "host": {
                      "connectionName": "shared_office365",
                      "operationId": "SendEmailV2",
                      "apiId": "/providers/Microsoft.PowerApps/apis/shared_office365"
                    },
                    "parameters": {
                      "emailMessage/To": "@outputs('Get_a_row_by_ID')?['body/internalemailaddress']",
                      "emailMessage/Subject": "WORK ORDER SUBMITTED",
                      "emailMessage/Body": "<p><span style=\"font-family: times new roman\">Hello @{outputs('Get_a_row_by_ID')?['body/fullname']},,</span><br><br>\n<span style=\"font-family: times new roman\">This is to inform you that your request with <b>Request ID:@{triggerOutputs()?['body/reliance_workorderid']}</b>has been submitted to the Facilitiy Manager for approval.</span><br>\n<br>\n<span style=\"font-family: times new roman\">Regards.</span></p>",
                      "emailMessage/Importance": "Normal"
                    },
                    "authentication": "@parameters('$authentication')"
                  }
                },
                "Send_an_email_(V2)_4": {
                  "runAfter": {
                    "Get_Facility_Manager": [
                      "Succeeded"
                    ]
                  },
                  "metadata": {
                    "operationMetadataId": "afa9f411-b8f4-47a5-9064-bf18665cccc2"
                  },
                  "type": "OpenApiConnection",
                  "inputs": {
                    "host": {
                      "connectionName": "shared_office365",
                      "operationId": "SendEmailV2",
                      "apiId": "/providers/Microsoft.PowerApps/apis/shared_office365"
                    },
                    "parameters": {
                      "emailMessage/To": "@outputs('Update_a_row')?['body/reliance_facilitymanagermail']",
                      "emailMessage/Subject": "NEW WORK ORDER SUBMITTED",
                      "emailMessage/Body": "<p><span style=\"font-family: times new roman\"> Dear @{outputs('Get_Facility_Manager')?['body/fullname']},</span><br>\n<br>\n<span style=\"font-family: times new roman\">A new work order request has been sent.</span><br><br>\n\n<span style=\"font-family: times new roman\">\nThe table below shows the details:\n</span>\n@{variables('tableContent')}\n</span>\n<br><br>\n<span style=\"font-family: times new roman\">Please follow the <a href=\"@{parameters('WorkorderAppLink (reliance_WorkorderAppLink)')}&REQID=@{triggerOutputs()?['body/reliance_orderid']}\">link</a> to update request.</span>\n<br><br>\n<span style=\"font-family: times new roman\">Regards</span>\n<b>",
                      "emailMessage/Importance": "Normal"
                    },
                    "authentication": "@parameters('$authentication')"
                  }
                },
                "Get_Facility_Manager": {
                  "runAfter": {
                    "Send_an_email_(V2)": [
                      "Succeeded"
                    ]
                  },
                  "metadata": {
                    "operationMetadataId": "12e6f474-6fb0-4de8-9996-0185271e652e"
                  },
                  "type": "OpenApiConnection",
                  "inputs": {
                    "host": {
                      "connectionName": "shared_commondataserviceforapps_2",
                      "operationId": "GetItem",
                      "apiId": "/providers/Microsoft.PowerApps/apis/shared_commondataserviceforapps"
                    },
                    "parameters": {
                      "entityName": "systemusers",
                      "recordId": "@outputs('Update_a_row')?['body/_reliance_facilitymanager_value']"
                    },
                    "authentication": "@parameters('$authentication')"
                  }
                }
              }
            },
            "Case_2": {
              "case": "Facility Manager Approves",
              "actions": {
                "Get_file_content_using_path": {
                  "runAfter": {},
                  "metadata": {
                    "operationMetadataId": "4983fb02-a7fa-473d-8cb5-7bd4ef970cc6"
                  },
                  "type": "OpenApiConnection",
                  "inputs": {
                    "host": {
                      "connectionName": "shared_sharepointonline",
                      "operationId": "GetFileContentByPath",
                      "apiId": "/providers/Microsoft.PowerApps/apis/shared_sharepointonline"
                    },
                    "parameters": {
                      "dataset": "@parameters('Work Order Library (reliance_WorkOrderLibrary)')",
                      "path": "/Work Order Templates/Work Order Certificate of Award Template.docx",
                      "inferContentType": true
                    },
                    "authentication": "@parameters('$authentication')"
                  }
                },
                "Send_an_email_(V2)_2": {
                  "runAfter": {
                    "Create_sharing_link_for_a_file_or_folder": [
                      "Succeeded"
                    ]
                  },
                  "metadata": {
                    "operationMetadataId": "fa7d9a1c-7667-4e95-a2ea-71fb21c57704"
                  },
                  "type": "OpenApiConnection",
                  "inputs": {
                    "host": {
                      "connectionName": "shared_office365",
                      "operationId": "SendEmailV2",
                      "apiId": "/providers/Microsoft.PowerApps/apis/shared_office365"
                    },
                    "parameters": {
                      "emailMessage/To": "@outputs('Update_a_row')?['body/reliance_facilitymanagermail']",
                      "emailMessage/Subject": "CERTIFICATE OF AWARD",
                      "emailMessage/Body": "<p><span style=\"font-family: times new roman\">Hello </span><span style=\"font-family: times new roman\">@{outputs('Update_a_row')?['body/reliance_fmname']},</span>\n<div>\n<span style=\"font-family: times new roman\">Kindly follow the <a href=\"@{outputs('Create_sharing_link_for_a_file_or_folder')?['body/link/webUrl']}\">link</a> to view certificate of award.</span>\n</div>\n<span style=\"font-family: times new roman\">Regards,</span></p>\n<b>",
                      "emailMessage/Importance": "Normal"
                    },
                    "authentication": "@parameters('$authentication')"
                  }
                },
                "Generate_document_from_Word_template": {
                  "runAfter": {
                    "Get_file_content_using_path": [
                      "Succeeded"
                    ]
                  },
                  "metadata": {
                    "operationMetadataId": "7d9cfa2f-da13-4e3e-9a66-502f194cc409"
                  },
                  "type": "OpenApiConnection",
                  "inputs": {
                    "host": {
                      "connectionName": "shared_adobepdftools",
                      "operationId": "DocGen",
                      "apiId": "/providers/Microsoft.PowerApps/apis/shared_adobepdftools"
                    },
                    "parameters": {
                      "inputFileName": "Work Order Certificate of Award Template.docx",
                      "jsonStringForMerge": "{\n    \"Work Order Number\": \"@{triggerOutputs()?['body/reliance_workorderid']}\",\n    \"Initiator\": \"@{outputs('Get_a_row_by_ID')?['body/fullname']}\",\n    \"Asset ID\": \"@{triggerOutputs()?['body/reliance_assetid']}\",\n    \"Asset Location\": \"@{triggerOutputs()?['body/reliance_assetlocation']}\",\n    \"Facility Manager\": \"@{triggerOutputs()?['body/reliance_fmname']}\",\n    \"Personnel/Vendor\": \"@{triggerOutputs()?['body/reliance_responsiblepersonnel']}\",\n    \"Personnel/Vendor Name\": \"@{triggerOutputs()?['body/reliance_personnelname']}\",\n    \"Total Cost\": \"₦@{triggerOutputs()?['body/reliance_totalcost']}\",\n    \"Due Date\": \"@{triggerOutputs()?['body/reliance_expecteddeliveryandduedate']}\"\n}",
                      "targetFormat": "PDF",
                      "InputFile0/body": "@body('Get_file_content_using_path')"
                    },
                    "authentication": "@parameters('$authentication')"
                  }
                },
                "Create_file": {
                  "runAfter": {
                    "Generate_document_from_Word_template": [
                      "Succeeded"
                    ]
                  },
                  "metadata": {
                    "operationMetadataId": "e45946c3-ffd3-42bb-8ef2-d979061ba167"
                  },
                  "type": "OpenApiConnection",
                  "inputs": {
                    "host": {
                      "connectionName": "shared_sharepointonline",
                      "operationId": "CreateFile",
                      "apiId": "/providers/Microsoft.PowerApps/apis/shared_sharepointonline"
                    },
                    "parameters": {
                      "dataset": "@parameters('Work Order Library (reliance_WorkOrderLibrary)')",
                      "folderPath": "/Work Order Awards",
                      "name": "@{triggerOutputs()?['body/reliance_workorderid']}.pdf",
                      "body": "@outputs('Generate_document_from_Word_template')?['body/fileContent']"
                    },
                    "authentication": "@parameters('$authentication')"
                  },
                  "runtimeConfiguration": {
                    "contentTransfer": {
                      "transferMode": "Chunked"
                    }
                  }
                },
                "Send_an_email_(V2)_5": {
                  "runAfter": {
                    "Send_an_email_(V2)_2": [
                      "Succeeded"
                    ]
                  },
                  "metadata": {
                    "operationMetadataId": "8908fa62-ab83-42be-b248-0cd478dfdd35"
                  },
                  "type": "OpenApiConnection",
                  "inputs": {
                    "host": {
                      "connectionName": "shared_office365",
                      "operationId": "SendEmailV2",
                      "apiId": "/providers/Microsoft.PowerApps/apis/shared_office365"
                    },
                    "parameters": {
                      "emailMessage/To": "@outputs('Get_a_row_by_ID')?['body/internalemailaddress']",
                      "emailMessage/Subject": "WORK ORDER APPROVED",
                      "emailMessage/Body": "<p><span style=\"font-family: times new roman\">Dear </span><span style=\"font-family: times new roman\">@{outputs('Get_a_row_by_ID')?['body/fullname']}</span><span style=\"font-family: times new roman\">,</span><br>\n<br>\n<span style=\"font-family: times new roman\">Your work order request with order number : </span><span style=\"font-family: times new roman\">@{triggerOutputs()?['body/reliance_workorderid']}</span><span style=\"font-family: times new roman\"> has been approved by the Facility Manager.</span><br>\n<br>\n<span style=\"font-family: times new roman\">Kindly follow the <a href=\"@{outputs('Create_sharing_link_for_a_file_or_folder')?['body/link/webUrl']}\">link</a> to view certificate of award.</span><br>\n<span style=\"font-family: times new roman\">Kindly follow this <a href=\"@{parameters('WorkorderAppLink (reliance_WorkorderAppLink)')}&UPDTID=@{triggerOutputs()?['body/reliance_orderid']}\">link</a> to close request.</span><br>\n<br>\n<span style=\"font-family: times new roman\">Best Regards</span></p>\n<b>",
                      "emailMessage/Importance": "Normal"
                    },
                    "authentication": "@parameters('$authentication')"
                  }
                },
                "Create_sharing_link_for_a_file_or_folder": {
                  "runAfter": {
                    "Create_file": [
                      "Succeeded"
                    ]
                  },
                  "metadata": {
                    "operationMetadataId": "98095493-cfd1-4647-a937-60d5c853e960"
                  },
                  "type": "OpenApiConnection",
                  "inputs": {
                    "host": {
                      "connectionName": "shared_sharepointonline",
                      "operationId": "CreateSharingLink",
                      "apiId": "/providers/Microsoft.PowerApps/apis/shared_sharepointonline"
                    },
                    "parameters": {
                      "dataset": "@parameters('Work Order Library (reliance_WorkOrderLibrary)')",
                      "table": "97b9bbcb-11bb-4b8c-9086-ba776bd9b87f",
                      "id": "@outputs('Create_file')?['body/ItemId']",
                      "permission/type": "edit",
                      "permission/scope": "organization"
                    },
                    "authentication": "@parameters('$authentication')"
                  }
                }
              }
            },
            "Case_3": {
              "case": "Facility Manager Rejects",
              "actions": {
                "Send_an_email_(V2)_6": {
                  "runAfter": {},
                  "metadata": {
                    "operationMetadataId": "f793bbbb-1a23-47be-a827-0f5a82007c24"
                  },
                  "type": "OpenApiConnection",
                  "inputs": {
                    "host": {
                      "connectionName": "shared_office365",
                      "operationId": "SendEmailV2",
                      "apiId": "/providers/Microsoft.PowerApps/apis/shared_office365"
                    },
                    "parameters": {
                      "emailMessage/To": "@outputs('Get_a_row_by_ID')?['body/internalemailaddress']",
                      "emailMessage/Subject": "WORK ORDER REJECTED",
                      "emailMessage/Body": "<p><span style=\"font-family: times new roman\">Hello </span><span style=\"font-family: times new roman\">@{outputs('Get_a_row_by_ID')?['body/fullname']}</span><span style=\"font-family: times new roman\">,<br><br>\nThis is to inform you that your request with <b>Request ID: </span><span style=\"font-family: times new roman\">@{triggerOutputs()?['body/reliance_orderid']}</span></b><span style=\"font-family: times new roman\"> has been rejected by the Facilitiy Manager.<br>\n<br>\nRegards,</span></p>",
                      "emailMessage/Importance": "Normal"
                    },
                    "authentication": "@parameters('$authentication')"
                  }
                }
              }
            },
            "Case_4": {
              "case": "Request Closed",
              "actions": {
                "Get_file_content_using_path_2": {
                  "runAfter": {},
                  "metadata": {
                    "operationMetadataId": "2fc5c779-1e9c-4948-ba06-7529f1af93bd"
                  },
                  "type": "OpenApiConnection",
                  "inputs": {
                    "host": {
                      "connectionName": "shared_sharepointonline",
                      "operationId": "GetFileContentByPath",
                      "apiId": "/providers/Microsoft.PowerApps/apis/shared_sharepointonline"
                    },
                    "parameters": {
                      "dataset": "@parameters('Work Order Library (reliance_WorkOrderLibrary)')",
                      "path": "/Work Order Templates/Work Order Certificate of Completion Template.docx",
                      "inferContentType": true
                    },
                    "authentication": "@parameters('$authentication')"
                  }
                },
                "Generate_document_from_Word_template_2": {
                  "runAfter": {
                    "Get_file_content_using_path_2": [
                      "Succeeded"
                    ]
                  },
                  "metadata": {
                    "operationMetadataId": "26fc30b7-2f98-4353-ae5e-99ae9476c2a2"
                  },
                  "type": "OpenApiConnection",
                  "inputs": {
                    "host": {
                      "connectionName": "shared_adobepdftools",
                      "operationId": "DocGen",
                      "apiId": "/providers/Microsoft.PowerApps/apis/shared_adobepdftools"
                    },
                    "parameters": {
                      "inputFileName": "Work Order Certificate of Completion Template.docx",
                      "jsonStringForMerge": "{\n    \"Work Order Number\": \"@{triggerOutputs()?['body/reliance_workorderid']}\",\n    \"Initiator\": \"@{outputs('Get_a_row_by_ID')?['body/fullname']}\",\n    \"Asset ID\": \"@{triggerOutputs()?['body/reliance_assetid']}\",\n    \"Asset Location\": \"@{outputs('Update_a_row')?['body/reliance_assetlocation']}\",\n    \"Facility Manager\": \"@{triggerOutputs()?['body/reliance_fmname']}\",\n    \"Personnel/Vendor\": \"@{triggerOutputs()?['body/reliance_responsiblepersonnel']}\",\n    \"Personnel/Vendor Name\": \"@{triggerOutputs()?['body/reliance_personnelname']}\",\n    \"Total Cost\": \"@{triggerOutputs()?['body/reliance_totalcost']}\",\n    \"Due Date\": \"@{triggerOutputs()?['body/reliance_expecteddeliveryandduedate']}\",\n    \"Completion comment/note\": \"@{triggerOutputs()?['body/reliance_completionnotes']}\",\n    \"Actual completion date\": \"@{triggerOutputs()?['body/reliance_actualcompletiondate']}\"\n}",
                      "targetFormat": "PDF",
                      "InputFile0/body": "@body('Get_file_content_using_path_2')"
                    },
                    "authentication": "@parameters('$authentication')"
                  }
                },
                "Create_file_2": {
                  "runAfter": {
                    "Generate_document_from_Word_template_2": [
                      "Succeeded"
                    ]
                  },
                  "metadata": {
                    "operationMetadataId": "ed7bd67c-196b-4f7f-9a81-ccec8ef455a5"
                  },
                  "type": "OpenApiConnection",
                  "inputs": {
                    "host": {
                      "connectionName": "shared_sharepointonline",
                      "operationId": "CreateFile",
                      "apiId": "/providers/Microsoft.PowerApps/apis/shared_sharepointonline"
                    },
                    "parameters": {
                      "dataset": "@parameters('Work Order Library (reliance_WorkOrderLibrary)')",
                      "folderPath": "/Work Order Completion",
                      "name": "@{triggerOutputs()?['body/reliance_workorderid']}.pdf",
                      "body": "@outputs('Generate_document_from_Word_template_2')?['body/fileContent']"
                    },
                    "authentication": "@parameters('$authentication')"
                  },
                  "runtimeConfiguration": {
                    "contentTransfer": {
                      "transferMode": "Chunked"
                    }
                  }
                },
                "Create_sharing_link_for_a_file_or_folder_2": {
                  "runAfter": {
                    "Create_file_2": [
                      "Succeeded"
                    ]
                  },
                  "metadata": {
                    "operationMetadataId": "3bc3faf7-9756-4c75-b571-21b0f65347e0"
                  },
                  "type": "OpenApiConnection",
                  "inputs": {
                    "host": {
                      "connectionName": "shared_sharepointonline",
                      "operationId": "CreateSharingLink",
                      "apiId": "/providers/Microsoft.PowerApps/apis/shared_sharepointonline"
                    },
                    "parameters": {
                      "dataset": "@parameters('Work Order Library (reliance_WorkOrderLibrary)')",
                      "table": "9487e079-31fa-468d-90c1-1f0e8c731dd2",
                      "id": "@outputs('Create_file_2')?['body/ItemId']",
                      "permission/type": "edit",
                      "permission/scope": "organization"
                    },
                    "authentication": "@parameters('$authentication')"
                  }
                },
                "Send_an_email_(V2)_3": {
                  "runAfter": {
                    "Create_sharing_link_for_a_file_or_folder_2": [
                      "Succeeded"
                    ]
                  },
                  "metadata": {
                    "operationMetadataId": "13487fcd-0174-440a-9515-b454434da799"
                  },
                  "type": "OpenApiConnection",
                  "inputs": {
                    "host": {
                      "connectionName": "shared_office365",
                      "operationId": "SendEmailV2",
                      "apiId": "/providers/Microsoft.PowerApps/apis/shared_office365"
                    },
                    "parameters": {
                      "emailMessage/To": "@outputs('Get_a_row_by_ID')?['body/internalemailaddress']",
                      "emailMessage/Subject": "WORK ORDER CLOSED",
                      "emailMessage/Body": "<p><span style=\"font-family: times new roman\">Hello </span><span style=\"font-family: times new roman\">@{outputs('Get_a_row_by_ID')?['body/fullname']}</span><span style=\"font-family: times new roman\">,<br>\nThis is to inform you that your request with <b>Request ID: </span><span style=\"font-family: times new roman\">@{triggerOutputs()?['body/reliance_orderid']}</span></b><span style=\"font-family: times new roman\"> has been completed and closed.<br>\n<br>\n<div>\n<span style=\"font-family: times new roman\">Kindly follow the <a href=\"@{outputs('Create_sharing_link_for_a_file_or_folder_2')?['body/link/webUrl']}\">link</a> to view certificate of completion.</span>\n</div>\n<br>\nRegards,</span></p>",
                      "emailMessage/Importance": "Normal"
                    },
                    "authentication": "@parameters('$authentication')"
                  }
                }
              }
            }
          },
          "default": {
            "actions": {}
          },
          "expression": "@outputs('Update_a_row')?['body/reliance_approvalstatus']",
          "metadata": {
            "operationMetadataId": "92ec45ab-40d5-4829-9297-fa1509881196"
          },
          "type": "Switch"
        },
        "Get_a_row_by_ID": {
          "runAfter": {
            "Update_a_row": [
              "Succeeded"
            ]
          },
          "metadata": {
            "operationMetadataId": "80c48be0-cea1-4499-be17-3da6fe4a1ae7"
          },
          "type": "OpenApiConnection",
          "inputs": {
            "host": {
              "connectionName": "shared_commondataserviceforapps_2",
              "operationId": "GetItem",
              "apiId": "/providers/Microsoft.PowerApps/apis/shared_commondataserviceforapps"
            },
            "parameters": {
              "entityName": "systemusers",
              "recordId": "@triggerOutputs()?['body/_createdby_value']"
            },
            "authentication": "@parameters('$authentication')"
          }
        },
        "Initialize_variable": {
          "runAfter": {
            "Get_a_row_by_ID": [
              "Succeeded"
            ]
          },
          "metadata": {
            "operationMetadataId": "f899c404-7d6e-4d98-a221-1a769922bf4f"
          },
          "type": "InitializeVariable",
          "inputs": {
            "variables": [
              {
                "name": "tableContent",
                "type": "string",
                "value": "<style>\ntable, th, td {\n  border: 1px solid black;\n  padding-right: 10px;\n  padding-left: 10px; \n}\ntable {\n    border-collapse: collapse;\n}\n\ntr:nth-child(2n) {\n  background-color: lightgrey;\n}\n\nth {\n  background-color: skyblue;\n}\ntd{\n  padding:5px 75px 5px 10px\n}\n</style>\n\n<div>\n<table>\n  <tr>\n    <th>DETAIL</th>\n    <th>VALUE</th>\n  </tr>\n<tr>\n    <td>Work Order ID</td>\n    <td><b style=\"font-weight:500;\">@{triggerOutputs()?['body/reliance_workorderid']}</b></td>\n  </tr>\n<tr style=\"background-color: lightgrey;\">\n    <td>Requestor</td>\n    <td><b style=\"font-weight:500;\">@{outputs('Get_a_row_by_ID')?['body/fullname']}</b></td>\n  </tr>\n<tr>\n    <td>Department</td>\n    <td><b style=\"font-weight:500;\">@{outputs('Update_a_row')?['body/reliance_department']}</b></td>\n  </tr>\n<tr style=\"background-color: lightgrey;\">\n    <td>Asset ID</td>\n    <td><b style=\"font-weight:500;\">@{triggerOutputs()?['body/reliance_assetid']}</b></td>\n  </tr>\n<tr style=\"background-color: lightgrey;\">\n    <td>Asset Location</td>\n    <td><b style=\"font-weight:500;\">@{triggerOutputs()?['body/reliance_assetlocation']}</b></td>\n  </tr>\n<tr>\n    <td>Facility Manager</td>\n    <td><b style=\"font-weight:500;\">@{triggerOutputs()?['body/reliance_fmname']}</b></td>\n  </tr>\n<tr style=\"background-color: lightgrey;\">\n    <td>Responsible Personnel</td>\n    <td><b style=\"font-weight:500;\">@{triggerOutputs()?['body/reliance_responsiblepersonnel']}</b></td>\n  </tr>\n<tr>\n    <td>Responsible Personnel Name</td>\n    <td><b style=\"font-weight:500;\">@{triggerOutputs()?['body/reliance_personnelname']}</b></td>\n  </tr>\n<tr style=\"background-color: lightgrey;\">\n    <td>Total Cost</td>\n    <td><b style=\"font-weight:500;\">@{triggerOutputs()?['body/reliance_totalcost']}</b></td>\n  </tr>\n</table>\n </div>\n"
              }
            ]
          }
        }
      }
    },
    "templateName": ""
  },
  "schemaVersion": "1.0.0.0"
}