{
  "properties": {
    "connectionReferences": {
      "shared_sharepointonline": {
        "runtimeSource": "invoker",
        "connection": {
          "connectionReferenceLogicalName": "reliance_Sharepoint"
        },
        "api": {
          "name": "shared_sharepointonline"
        }
      }
    },
    "definition": {
      "$schema": "https://schema.management.azure.com/providers/Microsoft.Logic/schemas/2016-06-01/workflowdefinition.json#",
      "contentVersion": "1.0.0.0",
      "parameters": {
        "$connections": {
          "defaultValue": {},
          "type": "Object"
        },
        "$authentication": {
          "defaultValue": {},
          "type": "SecureObject"
        },
        "Work Order Library (reliance_WorkOrderLibrary)": {
          "defaultValue": "https://nnpcgroup.sharepoint.com/sites/NNPCRetailAutomation/",
          "type": "String",
          "metadata": {
            "schemaName": "reliance_WorkOrderLibrary"
          }
        }
      },
      "triggers": {
        "manual": {
          "metadata": {
            "operationMetadataId": "e967abaf-8ec0-4f0a-9766-c9dfcdf06dfd"
          },
          "type": "Request",
          "kind": "PowerApp",
          "inputs": {
            "schema": {
              "type": "object",
              "properties": {
                "Initializevariable_Value": {
                  "type": "string",
                  "description": "Enter initial value",
                  "x-ms-powerflows-param-ispartial": false
                },
                "Updatefileproperties_RequestID": {
                  "type": "string",
                  "x-ms-powerflows-param-ispartial": false
                }
              },
              "required": [
                "Initializevariable_Value",
                "Updatefileproperties_RequestID"
              ]
            }
          }
        }
      },
      "actions": {
        "Initialize_variable": {
          "runAfter": {},
          "metadata": {
            "operationMetadataId": "7c27ce01-ea80-4afe-84ac-b001cab24ffc"
          },
          "type": "InitializeVariable",
          "inputs": {
            "variables": [
              {
                "name": "varUploadfiles",
                "type": "string",
                "value": "@{triggerBody()['Initializevariable_Value']}"
              }
            ]
          }
        },
        "Compose": {
          "runAfter": {
            "Initialize_variable": [
              "Succeeded"
            ]
          },
          "metadata": {
            "operationMetadataId": "0ada26bc-a487-478d-9d68-23b92039e5cd"
          },
          "type": "Compose",
          "inputs": "@json(variables('varUploadFiles'))"
        },
        "Parse_JSON": {
          "runAfter": {
            "Compose": [
              "Succeeded"
            ]
          },
          "metadata": {
            "operationMetadataId": "2a2c08ad-131c-420f-a747-51840f74aa0c"
          },
          "type": "ParseJson",
          "inputs": {
            "content": "@outputs('Compose')",
            "schema": {
              "type": "array",
              "items": {
                "type": "object",
                "properties": {
                  "DataStream": {
                    "type": "string"
                  },
                  "Title": {
                    "type": "string"
                  }
                },
                "required": [
                  "DataStream",
                  "Title"
                ]
              }
            }
          }
        },
        "Apply_to_each": {
          "foreach": "@body('Parse_JSON')",
          "actions": {
            "Create_file": {
              "runAfter": {},
              "metadata": {
                "operationMetadataId": "3ea94451-e565-4336-be68-0662f3645377"
              },
              "type": "OpenApiConnection",
              "inputs": {
                "host": {
                  "connectionName": "shared_sharepointonline",
                  "operationId": "CreateFile",
                  "apiId": "/providers/Microsoft.PowerApps/apis/shared_sharepointonline"
                },
                "parameters": {
                  "dataset": "@parameters('Work Order Library (reliance_WorkOrderLibrary)')",
                  "folderPath": "/Work Order Attachment",
                  "name": "@items('Apply_to_each')['Title']",
                  "body": "@dataUriToBinary(items('Apply_to_each')['DataStream'])"
                },
                "authentication": {
                  "type": "Raw",
                  "value": "@json(decodeBase64(triggerOutputs().headers['X-MS-APIM-Tokens']))['$ConnectionKey']"
                }
              },
              "runtimeConfiguration": {
                "contentTransfer": {
                  "transferMode": "Chunked"
                }
              }
            },
            "Update_file_properties": {
              "runAfter": {
                "Create_file": [
                  "Succeeded"
                ]
              },
              "metadata": {
                "operationMetadataId": "6ad20cb3-f6dd-44c3-8677-df755436f717"
              },
              "type": "OpenApiConnection",
              "inputs": {
                "host": {
                  "connectionName": "shared_sharepointonline",
                  "operationId": "PatchFileItem",
                  "apiId": "/providers/Microsoft.PowerApps/apis/shared_sharepointonline"
                },
                "parameters": {
                  "dataset": "@parameters('Work Order Library (reliance_WorkOrderLibrary)')",
                  "table": "3695fd55-f9f6-4670-b498-b3f2fd10f9a3",
                  "id": "@outputs('Create_file')?['body/ItemId']",
                  "item/RequestID": "@triggerBody()['Updatefileproperties_RequestID']"
                },
                "authentication": {
                  "type": "Raw",
                  "value": "@json(decodeBase64(triggerOutputs().headers['X-MS-APIM-Tokens']))['$ConnectionKey']"
                }
              }
            }
          },
          "runAfter": {
            "Parse_JSON": [
              "Succeeded"
            ]
          },
          "metadata": {
            "operationMetadataId": "60b4f6dc-512c-4887-9ccb-67a07b592a45"
          },
          "type": "Foreach"
        }
      },
      "outputs": {}
    },
    "templateName": "0253862642354d9187425cfc8b3bdda2"
  },
  "schemaVersion": "1.0.0.0"
}