<ImportExportXml version="9.2.24033.212" SolutionPackageVersion="9.2" languagecode="1033" generatedBy="CrmLive" xmlns:xsi="http://www.w3.org/2001/XMLSchema-instance">
  <SolutionManifest>
    <UniqueName>MaintenanceWorkOrder</UniqueName>
    <LocalizedNames>
      <LocalizedName description="Maintenance Work Order" languagecode="1033" />
    </LocalizedNames>
    <Descriptions />
    <Version>1.0.0.19</Version>
    <Managed>0</Managed>
    <Publisher>
      <UniqueName>relianceinfosystemslimited</UniqueName>
      <LocalizedNames>
        <LocalizedName description="Reliance Infosystems Limited" languagecode="1033" />
      </LocalizedNames>
      <Descriptions>
        <Description description="relianceinfosystemslimited" languagecode="1033" />
      </Descriptions>
      <EMailAddress>info@relianceinfosystems.com</EMailAddress>
      <SupportingWebsiteUrl>https://www.reliance.systems.</SupportingWebsiteUrl>
      <CustomizationPrefix>reliance</CustomizationPrefix>
      <CustomizationOptionValuePrefix>81379</CustomizationOptionValuePrefix>
      <Addresses>
        <Address>
          <AddressNumber>1</AddressNumber>
          <AddressTypeCode>1</AddressTypeCode>
          <City>Lekki</City>
          <County xsi:nil="true"></County>
          <Country>Nigeria</Country>
          <Fax xsi:nil="true"></Fax>
          <FreightTermsCode xsi:nil="true"></FreightTermsCode>
          <ImportSequenceNumber xsi:nil="true"></ImportSequenceNumber>
          <Latitude xsi:nil="true"></Latitude>
          <Line1>71I,Freedom Way</Line1>
          <Line2>Ikate</Line2>
          <Line3 xsi:nil="true"></Line3>
          <Longitude xsi:nil="true"></Longitude>
          <Name xsi:nil="true"></Name>
          <PostalCode>23401</PostalCode>
          <PostOfficeBox xsi:nil="true"></PostOfficeBox>
          <PrimaryContactName xsi:nil="true"></PrimaryContactName>
          <ShippingMethodCode>1</ShippingMethodCode>
          <StateOrProvince>Lagos</StateOrProvince>
          <Telephone1>+2348022238006</Telephone1>
          <Telephone2 xsi:nil="true"></Telephone2>
          <Telephone3 xsi:nil="true"></Telephone3>
          <TimeZoneRuleVersionNumber xsi:nil="true"></TimeZoneRuleVersionNumber>
          <UPSZone xsi:nil="true"></UPSZone>
          <UTCOffset xsi:nil="true"></UTCOffset>
          <UTCConversionTimeZoneCode xsi:nil="true"></UTCConversionTimeZoneCode>
        </Address>
        <Address>
          <AddressNumber>2</AddressNumber>
          <AddressTypeCode>1</AddressTypeCode>
          <City xsi:nil="true"></City>
          <County xsi:nil="true"></County>
          <Country xsi:nil="true"></Country>
          <Fax xsi:nil="true"></Fax>
          <FreightTermsCode xsi:nil="true"></FreightTermsCode>
          <ImportSequenceNumber xsi:nil="true"></ImportSequenceNumber>
          <Latitude xsi:nil="true"></Latitude>
          <Line1 xsi:nil="true"></Line1>
          <Line2 xsi:nil="true"></Line2>
          <Line3 xsi:nil="true"></Line3>
          <Longitude xsi:nil="true"></Longitude>
          <Name xsi:nil="true"></Name>
          <PostalCode xsi:nil="true"></PostalCode>
          <PostOfficeBox xsi:nil="true"></PostOfficeBox>
          <PrimaryContactName xsi:nil="true"></PrimaryContactName>
          <ShippingMethodCode>1</ShippingMethodCode>
          <StateOrProvince xsi:nil="true"></StateOrProvince>
          <Telephone1 xsi:nil="true"></Telephone1>
          <Telephone2 xsi:nil="true"></Telephone2>
          <Telephone3 xsi:nil="true"></Telephone3>
          <TimeZoneRuleVersionNumber xsi:nil="true"></TimeZoneRuleVersionNumber>
          <UPSZone xsi:nil="true"></UPSZone>
          <UTCOffset xsi:nil="true"></UTCOffset>
          <UTCConversionTimeZoneCode xsi:nil="true"></UTCConversionTimeZoneCode>
        </Address>
      </Addresses>
    </Publisher>
    <RootComponents>
      <RootComponent type="1" schemaName="reliance_assetsmanagers" behavior="0" />
      <RootComponent type="1" schemaName="reliance_equipmentandmaterialdetails" behavior="0" />
      <RootComponent type="1" schemaName="reliance_maintenanceworkorder" behavior="0" />
      <RootComponent type="1" schemaName="reliance_responsiblepersonnel" behavior="0" />
      <RootComponent type="1" schemaName="reliance_status" behavior="0" />
      <RootComponent type="1" schemaName="reliance_workpriority" behavior="0" />
      <RootComponent type="20" id="{0f769195-2677-ee11-8179-000d3a26d4a6}" behavior="0" />
      <RootComponent type="20" id="{9a39e4c9-2777-ee11-8179-000d3a26d4a6}" behavior="0" />
      <RootComponent type="29" id="{7606e158-1068-ee11-9ae7-000d3ab4b598}" behavior="0" />
      <RootComponent type="29" id="{9e338c45-0d77-ee11-8179-000d3a26d4a6}" behavior="0" />
      <RootComponent type="29" id="{f8bd23cb-b674-ee11-8179-6045bd8c5bad}" behavior="0" />
      <RootComponent type="300" schemaName="reliance_maintenanceworkorder_63512" behavior="0" />
    </RootComponents>
    <MissingDependencies>
      <MissingDependency>
        <Required type="300" schemaName="cr434_appcomponent_416cc" displayName="App_Component" solution="Active" />
        <Dependent type="300" schemaName="reliance_maintenanceworkorder_63512" displayName="Maintenance Work Order" />
      </MissingDependency>
      <MissingDependency>
        <Required type="66" schemaName="btd_contoso.excelexport" displayName="btd_contoso.excelexport" solution="BTDExportExcel (1.2.0.0)" />
        <Dependent type="300" schemaName="reliance_maintenanceworkorder_63512" displayName="Maintenance Work Order" />
      </MissingDependency>
      <MissingDependency>
        <Required type="connectionreference" displayName="new_sharedcommondataserviceforapps_eb7f6" solution="Active" id.connectionreferencelogicalname="new_sharedcommondataserviceforapps_eb7f6" />
        <Dependent type="29" displayName="Maintenance Work Order Update Reminder" id="{9e338c45-0d77-ee11-8179-000d3a26d4a6}" />
      </MissingDependency>
      <MissingDependency>
        <Required type="connectionreference" displayName="reliance_AdobeServices" solution="Active" id.connectionreferencelogicalname="reliance_AdobeServices" />
        <Dependent type="29" displayName="Maintenance Work Order Automation" id="{7606e158-1068-ee11-9ae7-000d3ab4b598}" />
      </MissingDependency>
      <MissingDependency>
        <Required type="connectionreference" displayName="reliance_sharedoffice365_f9bc6" solution="Active" id.connectionreferencelogicalname="reliance_sharedoffice365_f9bc6" />
        <Dependent type="29" displayName="Maintenance Work Order Update Reminder" id="{9e338c45-0d77-ee11-8179-000d3a26d4a6}" />
      </MissingDependency>
      <MissingDependency>
        <Required type="connectionreference" displayName="reliance_Sharepoint" solution="Active" id.connectionreferencelogicalname="reliance_Sharepoint" />
        <Dependent type="29" displayName="MWO Save Attachment" id="{f8bd23cb-b674-ee11-8179-6045bd8c5bad}" />
      </MissingDependency>
    </MissingDependencies>
  </SolutionManifest>
</ImportExportXml>