<environmentvariabledefinition schemaname="reliance_WorkOrderLibrary">
  <defaultvalue>https://nnpcgroup.sharepoint.com/sites/NNPCRetailAutomation/</defaultvalue>
  <displayname default="Work Order Library">
    <label description="Work Order Library" languagecode="1033" />
  </displayname>
  <introducedversion>1.0.0.0</introducedversion>
  <iscustomizable>1</iscustomizable>
  <isrequired>0</isrequired>
  <secretstore>0</secretstore>
  <type>100000000</type>
</environmentvariabledefinition>